Month,Average Angle
02,83.32791327913279
02,111.14177215189873
02,99.1875
02,94.0144578313253
02,49.47715736040609
02,45.04651162790697
02,57.88405797101449
02,122.20654911838791
02,87.17808219178082
02,89.0675
